3000;SCOLAIRE
3001: SCOLAIRE / Pré-scolaire et primaire
3002: SCOLAIRE / Pré-scolaire et primaire / Pré-scolaire et maternelle
3003: SCOLAIRE / Pré-scolaire et primaire / Élémentaire
3004: SCOLAIRE / Manuels scolaires Secondaire Général
3005: SCOLAIRE / Manuels scolaires Secondaire Général / Collège
3006: SCOLAIRE / Manuels scolaires Secondaire Général / Lycée général
3007: SCOLAIRE / Manuels scolaires Secondaire Technique et professionnel
3008: SCOLAIRE / Manuels scolaires Secondaire Technique et professionnel / Lycée professionnel, Bac professionnel (4e/3e technologique, CAP, BEP...)
3009: SCOLAIRE / Manuels scolaires Secondaire Technique et professionnel / Lycée technologique, Bac technologique
3010: SCOLAIRE / Manuels scolaires Supérieur Technique
3011: SCOLAIRE / Manuels scolaires Supérieur Technique / Brevet de Technicien Supérieur (BTS)
3012: SCOLAIRE / Manuels scolaires Supérieur Technique / Diplôme Universitaire de Technologie (DUT)
4271: SCOLAIRE / Classes préparatoires aux grandes écoles (CPGE)
3013;PARASCOLAIRE
3014: PARASCOLAIRE / Cahier de vacances
3015: PARASCOLAIRE / Cahier de vacances / Maternelle
3016: PARASCOLAIRE / Cahier de vacances / Primaire
3017: PARASCOLAIRE / Cahier de vacances / Collège
3018: PARASCOLAIRE / Cahier de vacances / Lycée
3019: PARASCOLAIRE / Cahier de soutien
3020: PARASCOLAIRE / Cahier de soutien / Maternelle
3021: PARASCOLAIRE / Cahier de soutien / Élémentaire
3022: PARASCOLAIRE / Cahier de soutien / Collège
3023: PARASCOLAIRE / Cahier de soutien / Lycée
3024: PARASCOLAIRE / Préparation aux examens
3025: PARASCOLAIRE / Préparation aux examens / Préparation au Brevet des collèges
3026: PARASCOLAIRE / Préparation aux examens / Préparation au Baccalauréat général
3027: PARASCOLAIRE / Préparation aux examens / Préparation au Baccalauréat professionnel et technique
4157: PARASCOLAIRE / Préparation aux examens / Préparation aux CAP
4158: PARASCOLAIRE / Préparation aux examens / Préparation aux BTS
4159: PARASCOLAIRE / Préparation aux examens / Préparation aux examens de l’enseignement supérieur
3028: PARASCOLAIRE / Annales
3029: PARASCOLAIRE / Annales / Annales Brevet des collèges
3030: PARASCOLAIRE / Annales / Annales Baccalauréat général
3031: PARASCOLAIRE / Annales / Annales Baccalauréat professionnel et technique
3032: PARASCOLAIRE / Ouvrage de référence
3033: PARASCOLAIRE / Ouvrage de référence / Mémentos, aide-mémoires, méthodes de français
3034: PARASCOLAIRE / Ouvrage de référence / Mémentos, aide-mémoires et méthodes de langues étrangères
3035: PARASCOLAIRE / Ouvrage de référence / Mémentos, aide-mémoires, méthodes hors langues
3036: PARASCOLAIRE / Ouvrage de référence / Atlas parascolaire
3037: PARASCOLAIRE / Formation pour adultes
3038: PARASCOLAIRE / Classiques pédagogiques
4141: PARASCOLAIRE / Classiques pédagogiques / Œuvre commentée
4142: PARASCOLAIRE / Classiques pédagogiques / Analyse d'œuvre
3039: PARASCOLAIRE / Pédagogie et formation des enseignants
3040: PARASCOLAIRE / Pédagogie et formation des enseignants / Didactique, pédagogie
3041: PARASCOLAIRE / Pédagogie et formation des enseignants / Matériel éducatif pour la maternelle
3042: PARASCOLAIRE / Pédagogie et formation des enseignants / Supports pédagogiques pour le niveau élémentaire
3043: PARASCOLAIRE / Pédagogie et formation des enseignants / Supports et ouvrages pédagogiques liés aux programmes Collège et Lycée ou à la Formation continue
3044: PARASCOLAIRE / Pédagogie et formation des enseignants / Éducation Nationale : concours, carrières
3045: PARASCOLAIRE / Pédagogie et formation des enseignants / Revues pédagogiques, Revues des professeurs
3046: PARASCOLAIRE / Orientation, Préparation aux concours
3047: PARASCOLAIRE / Orientation, Préparation aux concours / Études, Orientation, Métiers
3048: PARASCOLAIRE / Orientation, Préparation aux concours / Concours administratifs
3049: PARASCOLAIRE / Orientation, Préparation aux concours / Préparation aux autres concours et examens
3050: PARASCOLAIRE / Français Langue Étrangère
3051;SCIENCES FONDAMENTALES
4050: SCIENCES FONDAMENTALES / Histoire des sciences
4130: SCIENCES FONDAMENTALES / Biographie et autobiographie : science et technologie
3052: SCIENCES FONDAMENTALES / Mathématiques
3053: SCIENCES FONDAMENTALES / Mathématiques / Algèbre
3054: SCIENCES FONDAMENTALES / Mathématiques / Analyse
3055: SCIENCES FONDAMENTALES / Mathématiques / Géométrie
3056: SCIENCES FONDAMENTALES / Mathématiques / Probabilités et statistiques
3057: SCIENCES FONDAMENTALES / Informatique théorique, Mathématiques discrètes
3058: SCIENCES FONDAMENTALES / Physique
3059: SCIENCES FONDAMENTALES / Chimie
3060: SCIENCES FONDAMENTALES / Chimie / Biochimie
3061: SCIENCES FONDAMENTALES / Chimie / Chimie analytique
3062: SCIENCES FONDAMENTALES / Chimie / Chimie organique
3063: SCIENCES FONDAMENTALES / Chimie / Chimie minérale (inorganique)
3064: SCIENCES FONDAMENTALES / Chimie / Chimie expérimentale
3065: SCIENCES FONDAMENTALES / Sciences de la vie
4042: SCIENCES FONDAMENTALES / Sciences de la vie / Biologie
4041: SCIENCES FONDAMENTALES / Sciences de la vie / Botanique
4092: SCIENCES FONDAMENTALES / Sciences de la vie / Ecologie
4043: SCIENCES FONDAMENTALES / Sciences de la vie / Microbiologie
4044: SCIENCES FONDAMENTALES / Sciences de la vie / Zoologie
3066: SCIENCES FONDAMENTALES / Astronomie
3067: SCIENCES FONDAMENTALES / Sciences de la terre (géologie, climatologie, hydrologie...)
3068: SCIENCES FONDAMENTALES / Paléontologie
4117: SCIENCES FONDAMENTALES / Archéologie
4118: SCIENCES FONDAMENTALES / Ethique des sciences et des technologies
4119: SCIENCES FONDAMENTALES / Astrophysique
4120: SCIENCES FONDAMENTALES / Electromagnétisme
4121: SCIENCES FONDAMENTALES / Thermodynamique
4122: SCIENCES FONDAMENTALES / Physique quantique
4123: SCIENCES FONDAMENTALES / Théorie de la relativité
4124: SCIENCES FONDAMENTALES / Neurosciences
3069;TECHNIQUES ET SCIENCES APPLIQUÉES
3070: TECHNIQUES ET SCIENCES APPLIQUÉES / Agriculture
3071: TECHNIQUES ET SCIENCES APPLIQUÉES / Génie civil
3072: TECHNIQUES ET SCIENCES APPLIQUÉES / Électronique
3073: TECHNIQUES ET SCIENCES APPLIQUÉES / Mécanique
3074: TECHNIQUES ET SCIENCES APPLIQUÉES / Sciences et techniques industrielles
3075: TECHNIQUES ET SCIENCES APPLIQUÉES / Bâtiment
3076: TECHNIQUES ET SCIENCES APPLIQUÉES / Architecture, Urbanisme
3077: TECHNIQUES ET SCIENCES APPLIQUÉES / Graphisme et image
3078: TECHNIQUES ET SCIENCES APPLIQUÉES / Optique
3079: TECHNIQUES ET SCIENCES APPLIQUÉES / Énergies
3080;SCIENCES HUMAINES ET SOCIALES, LETTRES
3081: SCIENCES HUMAINES ET SOCIALES, LETTRES / Sciences sociales
3082: SCIENCES HUMAINES ET SOCIALES, LETTRES / Sciences sociales / Changement social
3083: SCIENCES HUMAINES ET SOCIALES, LETTRES / Sciences sociales / Classes sociales et stratification
3084: SCIENCES HUMAINES ET SOCIALES, LETTRES / Sciences sociales / Diversités, Discriminations
3085: SCIENCES HUMAINES ET SOCIALES, LETTRES / Sciences sociales / Addiction
3086: SCIENCES HUMAINES ET SOCIALES, LETTRES / Sciences sociales / Exclusion et pauvreté
3087: SCIENCES HUMAINES ET SOCIALES, LETTRES / Sciences sociales / Sociologie du genre
3088: SCIENCES HUMAINES ET SOCIALES, LETTRES / Sciences sociales / Générations
3089: SCIENCES HUMAINES ET SOCIALES, LETTRES / Sciences sociales / Histoire sociale
3090: SCIENCES HUMAINES ET SOCIALES, LETTRES / Sciences sociales / Inégalités
3091: SCIENCES HUMAINES ET SOCIALES, LETTRES / Sciences sociales / Migrations et immigrations
3092: SCIENCES HUMAINES ET SOCIALES, LETTRES / Sciences sociales / Mobilités
3093: SCIENCES HUMAINES ET SOCIALES, LETTRES / Sciences sociales / Santé
3094: SCIENCES HUMAINES ET SOCIALES, LETTRES / Sciences sociales / Sexualité
3095: SCIENCES HUMAINES ET SOCIALES, LETTRES / Sciences sociales / Sociabilité
4093: SCIENCES HUMAINES ET SOCIALES, LETTRES / Sciences sociales / Sociologie
3100: SCIENCES HUMAINES ET SOCIALES, LETTRES / Action sociale, aide sociale
3101: SCIENCES HUMAINES ET SOCIALES, LETTRES / Action sociale, aide sociale / Accueil familial
3102: SCIENCES HUMAINES ET SOCIALES, LETTRES / Action sociale, aide sociale / Aide et protection de l'enfance
3103: SCIENCES HUMAINES ET SOCIALES, LETTRES / Action sociale, aide sociale / Conduites à risques
3104: SCIENCES HUMAINES ET SOCIALES, LETTRES / Action sociale, aide sociale / Travail social, intervention, animation, accompagnement
3105: SCIENCES HUMAINES ET SOCIALES, LETTRES / Action sociale, aide sociale / Public empêché, besoins spécifiques
3106: SCIENCES HUMAINES ET SOCIALES, LETTRES / Action sociale, aide sociale / Maladie
3107: SCIENCES HUMAINES ET SOCIALES, LETTRES / Action sociale, aide sociale / Vieillesse, action gérontologique
3108: SCIENCES HUMAINES ET SOCIALES, LETTRES / Action sociale, aide sociale / Protection sociale
3109: SCIENCES HUMAINES ET SOCIALES, LETTRES / Action sociale, aide sociale / Fragilité sociale
3110: SCIENCES HUMAINES ET SOCIALES, LETTRES / Action sociale, aide sociale / Solidarité, humanitaire
3111: SCIENCES HUMAINES ET SOCIALES, LETTRES / Anthropologie
3112: SCIENCES HUMAINES ET SOCIALES, LETTRES / Anthropologie / Anthropologie physique et biologique
3116: SCIENCES HUMAINES ET SOCIALES, LETTRES / Anthropologie / Anthropologie sociale et culturelle
4097: SCIENCES HUMAINES ET SOCIALES, LETTRES / Anthropologie / Diasporas
3122: SCIENCES HUMAINES ET SOCIALES, LETTRES / Ethnologie
3123: SCIENCES HUMAINES ET SOCIALES, LETTRES / Ethnologie / Les modèles et les codes sociaux
3124: SCIENCES HUMAINES ET SOCIALES, LETTRES / Ethnologie / La parenté et les alliances
3125: SCIENCES HUMAINES ET SOCIALES, LETTRES / Ethnologie / Aspects symboliques
3126: SCIENCES HUMAINES ET SOCIALES, LETTRES / Philosophie
3916: SCIENCES HUMAINES ET SOCIALES, LETTRES / Philosophie / Histoire de la philosophie
3127: SCIENCES HUMAINES ET SOCIALES, LETTRES / Philosophie / Philosophie antique
3128: SCIENCES HUMAINES ET SOCIALES, LETTRES / Philosophie / Philosophie médiévale (scolastique)
3129: SCIENCES HUMAINES ET SOCIALES, LETTRES / Philosophie / Philosophie moderne
3133: SCIENCES HUMAINES ET SOCIALES, LETTRES / Philosophie / Philosophie contemporaine
4125: SCIENCES HUMAINES ET SOCIALES, LETTRES / Philosophie / Esthétique et philosophie de l'art
4126: SCIENCES HUMAINES ET SOCIALES, LETTRES / Philosophie / Métaphysique et ontologie
4127: SCIENCES HUMAINES ET SOCIALES, LETTRES / Philosophie / Philosophie éthique et politique
4128: SCIENCES HUMAINES ET SOCIALES, LETTRES / Philosophie / Epistémologie, philosophie des sciences, logique
3134: SCIENCES HUMAINES ET SOCIALES, LETTRES / Psychologie
3135: SCIENCES HUMAINES ET SOCIALES, LETTRES / Psychologie / Psychologie générale
3136: SCIENCES HUMAINES ET SOCIALES, LETTRES / Psychologie / Psychologie du comportement (ou behaviorisme)
3137: SCIENCES HUMAINES ET SOCIALES, LETTRES / Psychologie / Psychologie cognitive
3138: SCIENCES HUMAINES ET SOCIALES, LETTRES / Psychologie / Psychologie du développement
3139: SCIENCES HUMAINES ET SOCIALES, LETTRES / Psychologie / Psychopathologie
3140: SCIENCES HUMAINES ET SOCIALES, LETTRES / Psychologie / Psychologie sociale
3141: SCIENCES HUMAINES ET SOCIALES, LETTRES / Psychologie / Psychophysiologie
3142: SCIENCES HUMAINES ET SOCIALES, LETTRES / Psychologie / Psychologie évolutionniste
3143: SCIENCES HUMAINES ET SOCIALES, LETTRES / Psychologie / Psychologie de l'éducation
3144: SCIENCES HUMAINES ET SOCIALES, LETTRES / Psychologie / Psychologie de l'apprentissage
3145: SCIENCES HUMAINES ET SOCIALES, LETTRES / Psychologie / Psychologie animale (ou éthologie)
3918: SCIENCES HUMAINES ET SOCIALES, LETTRES / Psychanalyse
3146: SCIENCES HUMAINES ET SOCIALES, LETTRES / Lettres et Sciences du langage
4024: SCIENCES HUMAINES ET SOCIALES, LETTRES / Lettres et Sciences du langage / Lettres
4026: SCIENCES HUMAINES ET SOCIALES, LETTRES / Lettres et Sciences du langage / Langue française
4029: SCIENCES HUMAINES ET SOCIALES, LETTRES / Lettres et Sciences du langage / Langues régionales
4030: SCIENCES HUMAINES ET SOCIALES, LETTRES / Lettres et Sciences du langage / Langues anciennes
4033: SCIENCES HUMAINES ET SOCIALES, LETTRES / Lettres et Sciences du langage / Langues étrangères
3147: SCIENCES HUMAINES ET SOCIALES, LETTRES / Lettres et Sciences du langage / Linguistique, Sciences du langage
3157: SCIENCES HUMAINES ET SOCIALES, LETTRES / Lettres et Sciences du langage / Sciences de l'information et de la communication
3161: SCIENCES HUMAINES ET SOCIALES, LETTRES / Lettres et Sciences du langage / Sciences de l'éducation
3162: SCIENCES HUMAINES ET SOCIALES, LETTRES / Lettres et Sciences du langage / Systèmes de formation et apprentissages : évaluation et modélisation
3163: SCIENCES HUMAINES ET SOCIALES, LETTRES / Lettres et Sciences du langage / Perspectives sociocognitives, apprentissage et conduites sociales
3164: SCIENCES HUMAINES ET SOCIALES, LETTRES / Lettres et Sciences du langage / Technologisation, formation, activités professionnelles
3165;MÉDECINE, PHARMACIE, PARAMÉDICAL, MÉDECINE VÉTÉRINAIRE
3166: MÉDECINE, PHARMACIE, PARAMÉDICAL, MÉDECINE VÉTÉRINAIRE / Dictionnaire, Guide, Outil, Pratique
3167: MÉDECINE, PHARMACIE, PARAMÉDICAL, MÉDECINE VÉTÉRINAIRE / Histoire de la médecine
3168: MÉDECINE, PHARMACIE, PARAMÉDICAL, MÉDECINE VÉTÉRINAIRE / Sciences fondamentales
3169: MÉDECINE, PHARMACIE, PARAMÉDICAL, MÉDECINE VÉTÉRINAIRE / Spécialités médicales
3170: MÉDECINE, PHARMACIE, PARAMÉDICAL, MÉDECINE VÉTÉRINAIRE / Imagerie médicale
3171: MÉDECINE, PHARMACIE, PARAMÉDICAL, MÉDECINE VÉTÉRINAIRE / Pharmacie
3172: MÉDECINE, PHARMACIE, PARAMÉDICAL, MÉDECINE VÉTÉRINAIRE / Dentaire, Odontostomatologie
3173: MÉDECINE, PHARMACIE, PARAMÉDICAL, MÉDECINE VÉTÉRINAIRE / Neurologie, Psychiatrie
3174: MÉDECINE, PHARMACIE, PARAMÉDICAL, MÉDECINE VÉTÉRINAIRE / Paramédical, Médico-social, Aide-soignant, Infirmier
3175: MÉDECINE, PHARMACIE, PARAMÉDICAL, MÉDECINE VÉTÉRINAIRE / Médecine Vétérinaire
3176: MÉDECINE, PHARMACIE, PARAMÉDICAL, MÉDECINE VÉTÉRINAIRE / Revues médicales, Revues paramédicales
4161: MÉDECINE, PHARMACIE, PARAMÉDICAL, MÉDECINE VÉTÉRINAIRE / Éthique médicale
3177;MANAGEMENT, GESTION ET ÉCONOMIE D'ENTREPRISE
3178: MANAGEMENT, GESTION ET ÉCONOMIE D'ENTREPRISE / Entreprise
3179: MANAGEMENT, GESTION ET ÉCONOMIE D'ENTREPRISE / Création d'entreprise
3180: MANAGEMENT, GESTION ET ÉCONOMIE D'ENTREPRISE / Comptabilité, expertise comptable, contrôle de gestion
3181: MANAGEMENT, GESTION ET ÉCONOMIE D'ENTREPRISE / Finance
3182: MANAGEMENT, GESTION ET ÉCONOMIE D'ENTREPRISE / Finance / Finance d'entreprise
3183: MANAGEMENT, GESTION ET ÉCONOMIE D'ENTREPRISE / Finance / Finance de marchés
3184: MANAGEMENT, GESTION ET ÉCONOMIE D'ENTREPRISE / Gestion industrielle
3185: MANAGEMENT, GESTION ET ÉCONOMIE D'ENTREPRISE / Méthodologie et gestion de projets
3186: MANAGEMENT, GESTION ET ÉCONOMIE D'ENTREPRISE / Management
3929: MANAGEMENT, GESTION ET ÉCONOMIE D'ENTREPRISE / Communication
3187: MANAGEMENT, GESTION ET ÉCONOMIE D'ENTREPRISE / Marketing
3188: MANAGEMENT, GESTION ET ÉCONOMIE D'ENTREPRISE / Production
3189: MANAGEMENT, GESTION ET ÉCONOMIE D'ENTREPRISE / Ressources humaines
3190: MANAGEMENT, GESTION ET ÉCONOMIE D'ENTREPRISE / Stratégie
3191: MANAGEMENT, GESTION ET ÉCONOMIE D'ENTREPRISE / Commerce international
3192: MANAGEMENT, GESTION ET ÉCONOMIE D'ENTREPRISE / Développement durable, écologie
3930: MANAGEMENT, GESTION ET ÉCONOMIE D'ENTREPRISE / Recherche et développement (R&D)
4143: MANAGEMENT, GESTION ET ÉCONOMIE D'ENTREPRISE / Vente
3193;INFORMATIQUE
3194: INFORMATIQUE / Théorie
3195: INFORMATIQUE / Hardware et matériels
3196: INFORMATIQUE / Hardware et matériels / Architecture des ordinateurs
3197: INFORMATIQUE / Hardware et matériels / Périphériques
3198: INFORMATIQUE / Graphisme
3199: INFORMATIQUE / Graphisme / PAO
3200: INFORMATIQUE / Graphisme / CAO
3201: INFORMATIQUE / Graphisme / DAO - Retouche d'images
3202: INFORMATIQUE / Graphisme / 3D
3203: INFORMATIQUE / Graphisme / Modélisation
3204: INFORMATIQUE / Web (logiciel e-commerce, CMS, blog, réseaux sociaux...)
3205: INFORMATIQUE / Web (logiciel e-commerce, CMS, blog, réseaux sociaux...) / Réseaux sociaux, Blog
3206: INFORMATIQUE / Web (logiciel e-commerce, CMS, blog, réseaux sociaux...) / CMS
3207: INFORMATIQUE / Web (logiciel e-commerce, CMS, blog, réseaux sociaux...) / E-Commerce
3208: INFORMATIQUE / Web (logiciel e-commerce, CMS, blog, réseaux sociaux...) / CSS, Design web
3209: INFORMATIQUE / Web (logiciel e-commerce, CMS, blog, réseaux sociaux...) / SEO, Web analytics
3210: INFORMATIQUE / Audio, Vidéo
3211: INFORMATIQUE / Audio, Vidéo / Audio
3212: INFORMATIQUE / Audio, Vidéo / Vidéo
3213: INFORMATIQUE / Informatique d'entreprise
3214: INFORMATIQUE / Informatique d'entreprise / Conduite de projet
3215: INFORMATIQUE / Informatique d'entreprise / Gestion des sources
3216: INFORMATIQUE / Informatique d'entreprise / Stockage et archivage de données
3217: INFORMATIQUE / Informatique d'entreprise / Entrepôt de données
3218: INFORMATIQUE / Informatique d'entreprise / Management des systèmes d'information
3219: INFORMATIQUE / Informatique d'entreprise / Messagerie d'entreprise
3220: INFORMATIQUE / Informatique personnelle
3221: INFORMATIQUE / Informatique personnelle / Systèmes d'exploitation
3222: INFORMATIQUE / Informatique personnelle / Bureautique
3223: INFORMATIQUE / Informatique personnelle / Internet (gestion de la messagerie, navigateur...)
3224: INFORMATIQUE / Informatique personnelle / Réseaux
3225: INFORMATIQUE / Programmation et développement
3226: INFORMATIQUE / Programmation et développement / Assembleur
3227: INFORMATIQUE / Programmation et développement / HTML
3228: INFORMATIQUE / Programmation et développement / Java - J2EE
3229: INFORMATIQUE / Programmation et développement / Javascript
3230: INFORMATIQUE / Programmation et développement / Langages C (C, C++, C#, Objective-C)
3231: INFORMATIQUE / Programmation et développement / Python
3232: INFORMATIQUE / Programmation et développement / Ruby
3233: INFORMATIQUE / Programmation et développement / Modélisation et génie logiciel
3234: INFORMATIQUE / Programmation et développement / PERL
3235: INFORMATIQUE / Programmation et développement / PHP
3236: INFORMATIQUE / Programmation et développement / Shell
3237: INFORMATIQUE / Programmation et développement / Visual Basic
3238: INFORMATIQUE / Réseaux et Télécommunications
3239: INFORMATIQUE / Réseaux et Télécommunications / Équipements réseaux
3240: INFORMATIQUE / Réseaux et Télécommunications / Généralités Réseaux
3241: INFORMATIQUE / Réseaux et Télécommunications / Protocoles et standards
3242: INFORMATIQUE / Réseaux et Télécommunications / Réseaux sans fil et télécommunications mobiles
3243: INFORMATIQUE / Système
3244: INFORMATIQUE / Système / Généralités système
3245: INFORMATIQUE / Système / Unix - Linux
3246: INFORMATIQUE / Système / MacOS
3247: INFORMATIQUE / Système / Windows
3248: INFORMATIQUE / Système / Systèmes embarqués
3249: INFORMATIQUE / Système / Virtualisation
3250: INFORMATIQUE / Système / Systèmes mobiles (androïd...)
3251: INFORMATIQUE / Données et Bases de données
3252: INFORMATIQUE / Données et Bases de données / Bases de données
3253: INFORMATIQUE / Données et Bases de données / Bases de données relationnelles
3254: INFORMATIQUE / Données et Bases de données / Bases de données non relationnelles
3255: INFORMATIQUE / Données et Bases de données / Data mining
3256: INFORMATIQUE / Données et Bases de données / XML
3257: INFORMATIQUE / Données et Bases de données / Indexation et moteurs de recherche
3258: INFORMATIQUE / Sécurité
4066: INFORMATIQUE / Sécurité / Protection de la vie privée et des données
4067: INFORMATIQUE / Sécurité / Fraude et piratage informatique
4068: INFORMATIQUE / Sécurité / Virus informatiques, chevaux de Troie et vers
4069: INFORMATIQUE / Sécurité / Pare-feu
4070: INFORMATIQUE / Sécurité / Spam
4072: INFORMATIQUE / Sécurité / Cryptage des données
4071: INFORMATIQUE / Sécurité / Spyware / logiciel espion
3259;DROIT
3260: DROIT / Droit général
4272: DROIT / Droit général / Professions du droit
4274: DROIT / Droit général / Vocabulaire juridique
3261: DROIT / Droit général / Introduction au droit
3262: DROIT / Droit général / Histoire du droit
3263: DROIT / Droit général / Théorie, philosophie et sociologie du droit
4098: DROIT / Droit général / Droit comparé
3264: DROIT / Droit public
4099: DROIT / Droit public / Libertés publiques - Droits de l'Homme
4100: DROIT / Droit public / Droit des étrangers
4101: DROIT / Droit public / Droit électoral
3265: DROIT / Droit public / Droit constitutionnel
3266: DROIT / Droit public / Droit administratif
3267: DROIT / Droit public / Finances publiques
4275: DROIT / Droit public / Droit de la régulation
3271: DROIT / Droit pénal et procédure pénale
4276: DROIT / Droit pénal et procédure pénale / Droit pénal
4277: DROIT / Droit pénal et procédure pénale / Procédure pénale
3268: DROIT / Droit privé
3269: DROIT / Droit privé / Droit civil
4278: DROIT / Droit privé / Procédure civile/ Droit de l’exécution/ Droit processuel
3270: DROIT / Droit privé / Droit des affaires et commercial
3272: DROIT / Droit privé / Droit de la propriété intellectuelle et industrielle
3273: DROIT / Droit privé / Droit social
3274: DROIT / Droit privé / Droit de la concurrence
3275: DROIT / Droit privé / Droit fiscal
3276: DROIT / Droit privé / Droit de la consommation
4073: DROIT / Droit privé / Droit du travail
3277: DROIT / Droit international
3278: DROIT / Droit international / Droit international privé
3279: DROIT / Droit international / Droit international public
3280: DROIT / Droit de l'Union européenne
3281: DROIT / Droit de l'Union européenne / Droit institutionnel de l'Union européenne
3282: DROIT / Droit de l'Union européenne / Droit matériel de l'Union européenne
4103: DROIT / Droit immobilier - Urbanisme - Construction
4104: DROIT / Droit environnement - Transport - Rural - Energie
4105: DROIT / Droit des médias et de l'information
4106: DROIT / Droit des associations et des fondations
4107: DROIT / Droit des assurances
4108: DROIT / Droit notarial
4109: DROIT / Droit de la santé - Droit médical
4110: DROIT / Droit du sport
4111: DROIT / Droit du tourisme
4112: DROIT / Droit de la culture
4113: DROIT / Droit de l'éducation
3283;SCIENCES POLITIQUES
3284: SCIENCES POLITIQUES / Histoire des idées politiques
3285: SCIENCES POLITIQUES / Histoire des idées politiques / Histoire des idées politiques jusqu'à la fin du XVIIe siècle
3286: SCIENCES POLITIQUES / Histoire des idées politiques / Histoire des idées politiques depuis le XVIIIe siècle
3287: SCIENCES POLITIQUES / Histoire des idées politiques / Vie politique française et européenne
3288: SCIENCES POLITIQUES / Histoire des idées politiques / Analyse des comportements politiques
3289: SCIENCES POLITIQUES / Histoire des idées politiques / Philosophie politique controverses contemporaines
3290: SCIENCES POLITIQUES / Organisation de l'État et action publique
3291: SCIENCES POLITIQUES / Organisation de l'État et action publique / Institutions politiques françaises
3292: SCIENCES POLITIQUES / Organisation de l'État et action publique / Institutions administratives locales
3293: SCIENCES POLITIQUES / Organisation de l'État et action publique / Socialisation politique
3294: SCIENCES POLITIQUES / Organisation de l'État et action publique / Démocratie délibérative, participative
3295: SCIENCES POLITIQUES / Organisation de l'État et action publique / Élections, mobilisation électorale, campagnes
3296: SCIENCES POLITIQUES / Organisation de l'État et action publique / Construction européenne
3297: SCIENCES POLITIQUES / Relations internationales
3298: SCIENCES POLITIQUES / Relations internationales / Relations internationales
3299: SCIENCES POLITIQUES / Relations internationales / Politique étrangère
3300: SCIENCES POLITIQUES / Politique et pouvoir
3301: SCIENCES POLITIQUES / Politique et pouvoir / Les forces armées, les forces de police
3302: SCIENCES POLITIQUES / Politique et pouvoir / Le pouvoir judiciaire
3303: SCIENCES POLITIQUES / Politique et pouvoir / Le pouvoir économique
3304: SCIENCES POLITIQUES / Politique et pouvoir / Le pouvoir religieux et l'État
3305;SCIENCES ÉCONOMIQUES
3306: SCIENCES ÉCONOMIQUES / Économie de la mondialisation et du développement
3307: SCIENCES ÉCONOMIQUES / Économie de la mondialisation et du développement / Commerce international
3308: SCIENCES ÉCONOMIQUES / Économie de la mondialisation et du développement / Économie du développement
3309: SCIENCES ÉCONOMIQUES / Économie de la mondialisation et du développement / Économie géographique
3310: SCIENCES ÉCONOMIQUES / Économie de la mondialisation et du développement / Économie de l'environnement et des ressources naturelles
3311: SCIENCES ÉCONOMIQUES / Économie de la mondialisation et du développement / Économie de l'agriculture
3312: SCIENCES ÉCONOMIQUES / Économie publique, économie du travail et inégalités
3313: SCIENCES ÉCONOMIQUES / Économie publique, économie du travail et inégalités / Économie du bonheur
3314: SCIENCES ÉCONOMIQUES / Économie publique, économie du travail et inégalités / Économie politique des institutions
3315: SCIENCES ÉCONOMIQUES / Économie publique, économie du travail et inégalités / Éducation
3317: SCIENCES ÉCONOMIQUES / Économie publique, économie du travail et inégalités / Patrimoine, revenu, redistribution
3318: SCIENCES ÉCONOMIQUES / Économie publique, économie du travail et inégalités / Santé
3319: SCIENCES ÉCONOMIQUES / Économie publique, économie du travail et inégalités / Travail, emploi et politiques sociales
3320: SCIENCES ÉCONOMIQUES / Économie théorique et expérimentale
3321: SCIENCES ÉCONOMIQUES / Économie théorique et expérimentale / Comportements individuels
3322: SCIENCES ÉCONOMIQUES / Économie théorique et expérimentale / Économétrie
3323: SCIENCES ÉCONOMIQUES / Économie théorique et expérimentale / Économie expérimentale
3324: SCIENCES ÉCONOMIQUES / Économie théorique et expérimentale / Interaction des comportements
3325: SCIENCES ÉCONOMIQUES / Économie théorique et expérimentale / Microéconomie
3326: SCIENCES ÉCONOMIQUES / Économie théorique et expérimentale / Méthode quantitative
3327: SCIENCES ÉCONOMIQUES / Économie théorique et expérimentale / Théorie des jeux
3328: SCIENCES ÉCONOMIQUES / Économie théorique et expérimentale / Macroéconomie
3329: SCIENCES ÉCONOMIQUES / Économie théorique et expérimentale / Dynamique macroéconomique
3330: SCIENCES ÉCONOMIQUES / Économie théorique et expérimentale / Économie financière
3331: SCIENCES ÉCONOMIQUES / Économie théorique et expérimentale / Finance internationale
3332: SCIENCES ÉCONOMIQUES / Économie théorique et expérimentale / Macroéconomie et accumulation d'actifs
3333: SCIENCES ÉCONOMIQUES / Économie théorique et expérimentale / Marché du travail
3334: SCIENCES ÉCONOMIQUES / Économie théorique et expérimentale / Politiques monétaires et budgétaires
3335: SCIENCES ÉCONOMIQUES / Marchés, risque et organisation
4114: SCIENCES ÉCONOMIQUES / Marchés, risque et organisation / Bourse - Patrimoine
3336: SCIENCES ÉCONOMIQUES / Marchés, risque et organisation / Organisation industrielle
3337: SCIENCES ÉCONOMIQUES / Marchés, risque et organisation / Régulation de secteurs spécifiques (santé, enseignement, marchés de l'énergie, politique de l'environnement...)
3338: SCIENCES ÉCONOMIQUES / Marchés, risque et organisation / Risques, marchés financiers et assurance
3339: SCIENCES ÉCONOMIQUES / Marchés, risque et organisation / Structure de marché et politique de concurrence
3340: SCIENCES ÉCONOMIQUES / Histoire économique
3341: SCIENCES ÉCONOMIQUES / Histoire économique / Histoire de la pensée économique
3342: SCIENCES ÉCONOMIQUES / Histoire économique / Accumulation et transmission de la richesse
3343: SCIENCES ÉCONOMIQUES / Histoire économique / Mobilité occupationnelle et géographique
3344: SCIENCES ÉCONOMIQUES / Histoire économique / Histoire des institutions et marchés monétaires et financiers
3345;RELIGION
3347: RELIGION / Christianisme
4048: RELIGION / Christianisme / Textes bibliques
4049: RELIGION / Christianisme / Etudes bibliques
4170: RELIGION / Christianisme / Mysticisme
4171: RELIGION / Christianisme / Œcuménisme
3359: RELIGION / Christianisme / Spiritualité et témoignages chrétiens
3348: RELIGION / Christianisme / Catholicisme
3349: RELIGION / Christianisme / Protestantisme
3350: RELIGION / Christianisme / Orthodoxie
4046: RELIGION / Christianisme / Théologie
4045: RELIGION / Christianisme / Patristique
4199: RELIGION / Christianisme / Monachisme
3351: RELIGION / Islam
4200: RELIGION / Islam / Fêtes et pratiques de l'islam
4201: RELIGION / Islam / Coran
4203: RELIGION / Islam / Prières et invocations
4204: RELIGION / Islam / Philosophie
4205: RELIGION / Islam / Hadith
4206: RELIGION / Islam / Droit et jurisprudence
4207: RELIGION / Islam / Grandes figures de l'islam
4208: RELIGION / Islam / Prophètes
4209: RELIGION / Islam / Courants de l'islam
3352: RELIGION / Judaïsme
4213: RELIGION / Judaïsme / Torah
4216: RELIGION / Judaïsme / Kabbale et autres textes spirituels
4217: RELIGION / Judaïsme / Liturgies et prières
4218: RELIGION / Judaïsme / Fêtes et pratiques du judaïsme
4219: RELIGION / Judaïsme / Enseignement du judaïsme
4220: RELIGION / Judaïsme / Grandes figures du judaïsme
4221: RELIGION / Judaïsme / Littérature rabbinique
3353: RELIGION / Religions et sagesses orientales
3354: RELIGION / Religions et sagesses orientales / Bouddhisme
3355: RELIGION / Religions et sagesses orientales / Hindouisme
4237: RELIGION / Religions et sagesses orientales / Shintoïsme
4243: RELIGION / Religions et sagesses orientales / Taoïsme
4249: RELIGION / Religions et sagesses orientales / Confucianisme
4255: RELIGION / Polythéisme, spiritualité ethnique
3917: RELIGION / Religions de l'Antiquité
4064: RELIGION / Agnosticisme
4256: RELIGION / Athéisme
3356: RELIGION / Histoire des religions
4034: RELIGION / Histoire des religions / Histoire du christianisme
4051: RELIGION / Histoire des religions / Histoire de l'islam
4035: RELIGION / Histoire des religions / Histoire du judaïsme
4260: RELIGION / Histoire des religions / Histoire des religions orientales
3363: RELIGION / Jeunesse
4263: RELIGION / Jeunesse / Christianisme
4264: RELIGION / Jeunesse / Islam
4265: RELIGION / Jeunesse / Judaïsme
4266: RELIGION / Jeunesse / Religions orientales
3364: RELIGION / Religion et société
4267: RELIGION / Dialogue interreligieux
4268: RELIGION / Religion comparée
4269: RELIGION / Spiritualité, témoignages de sagesses
4270: RELIGION / Méditations
3365;ÉSOTÉRISME, OCCULTISME
3366: ÉSOTÉRISME, OCCULTISME / Magie
3367: ÉSOTÉRISME, OCCULTISME / Magie / Hermétisme, Alchimie
3368: ÉSOTÉRISME, OCCULTISME / Magie / Ésotérisme
3369: ÉSOTÉRISME, OCCULTISME / Magie / Sorcellerie
3370: ÉSOTÉRISME, OCCULTISME / Magie / Symboles
3371: ÉSOTÉRISME, OCCULTISME / Magie / Parapsychisme, Magnétisme, Guérisseurs
3372: ÉSOTÉRISME, OCCULTISME / Magie / Art divinatoire
3373: ÉSOTÉRISME, OCCULTISME / Énigme, Phénomène inexpliqué
3374: ÉSOTÉRISME, OCCULTISME / Esprit, Paranormal
3375: ÉSOTÉRISME, OCCULTISME / Sociétés secrètes
3376: ÉSOTÉRISME, OCCULTISME / Croyance, Mythe, Rêve
3377;HISTOIRE
3378: HISTOIRE / Histoire générale et thématique
3379: HISTOIRE / Histoire générale et thématique / Personnages historiques
3380: HISTOIRE / Histoire générale et thématique / Documents historiques
3381: HISTOIRE / Histoire générale et thématique / Monde
4040: HISTOIRE / Histoire générale et thématique / Afrique
4037: HISTOIRE / Histoire générale et thématique / Amériques
4036: HISTOIRE / Histoire générale et thématique / Asie
4039: HISTOIRE / Histoire générale et thématique / Moyen-Orient
4038: HISTOIRE / Histoire générale et thématique / Océanie
3382: HISTOIRE / Histoire générale et thématique / Europe
3383: HISTOIRE / Histoire générale et thématique / France
3384: HISTOIRE / Préhistoire
3385: HISTOIRE / Antiquité
3386: HISTOIRE / Moyen Age
3387: HISTOIRE / Renaissance
3388: HISTOIRE / Les Temps Modernes (avant 1799)
3389: HISTOIRE / Histoire contemporaine (1799 - 1914)
3390: HISTOIRE / Première Guerre Mondiale
3391: HISTOIRE / Histoire de l'entre-deux guerres (1919-1939)
3392: HISTOIRE / Deuxième Guerre Mondiale
3393: HISTOIRE / Période 1945-1989
3394: HISTOIRE / Histoire post-moderne (depuis 1989)
3395;GÉOGRAPHIE
3396: GÉOGRAPHIE / Géographie générale, thématique
3397: GÉOGRAPHIE / Géographie régionale, géographie des territoires
3398: GÉOGRAPHIE / Géographie physique, géo-système
3399: GÉOGRAPHIE / Géographie physique, géo-système / Géomorphologie
3400: GÉOGRAPHIE / Géographie physique, géo-système / Climatologie
3401: GÉOGRAPHIE / Géographie physique, géo-système / Hydrologie
3402: GÉOGRAPHIE / Géographie physique, géo-système / Biogéographie
3403: GÉOGRAPHIE / Géographie humaine, écoumène
3404: GÉOGRAPHIE / Géographie humaine, écoumène / Géographie sociale
3405: GÉOGRAPHIE / Géographie humaine, écoumène / Géopolitique
3406: GÉOGRAPHIE / Géographie humaine, écoumène / Géographie de l'environnement
3407: GÉOGRAPHIE / Géographie humaine, écoumène / Géographie culturelle
3408: GÉOGRAPHIE / Géographie mathématique
3409: GÉOGRAPHIE / Géographie mathématique / Techniques cartographiques
3410: GÉOGRAPHIE / Géographie mathématique / Photogrammétrie
3412: GÉOGRAPHIE / Géographie mathématique / Analyse spatiale
3413: GÉOGRAPHIE / Techniques géographiques
3414: GÉOGRAPHIE / Techniques géographiques / Système d'information géographique, géomatique
3415: GÉOGRAPHIE / Techniques géographiques / Télédétection
3416: GÉOGRAPHIE / Géographie quantitative, géostatistique
3417: GÉOGRAPHIE / Géographie qualitative
3418;OUVRAGES DE REFERENCE
3419: OUVRAGES DE REFERENCE / Dictionnaires de français
3420: OUVRAGES DE REFERENCE / Dictionnaires de français / Dictionnaires de français en un seul volume
3421: OUVRAGES DE REFERENCE / Dictionnaires de français / Dictionnaires de français en plusieurs volumes
3422: OUVRAGES DE REFERENCE / Dictionnaires de français / Dictionnaires généralistes
3423: OUVRAGES DE REFERENCE / Dictionnaires de français / Dictionnaires de langage
3424: OUVRAGES DE REFERENCE / Dictionnaires de français / Dictionnaires scolaires
3425: OUVRAGES DE REFERENCE / Dictionnaires de langues étrangères
3426: OUVRAGES DE REFERENCE / Dictionnaires de langues étrangères / Dictionnaires de langues d'origine étrangère
3427: OUVRAGES DE REFERENCE / Dictionnaires de langues étrangères / Dictionnaires bilingues français/autres langues
4078: OUVRAGES DE REFERENCE / Dictionnaires de sciences humaines
3428: OUVRAGES DE REFERENCE / Encyclopédies générales
3429: OUVRAGES DE REFERENCE / Encyclopédies générales / Encyclopédie générale en un seul volume
3430: OUVRAGES DE REFERENCE / Encyclopédies générales / Encyclopédie générale en plusieurs volumes
3431: OUVRAGES DE REFERENCE / Encyclopédies et dictionnaires thématiques
3432: OUVRAGES DE REFERENCE / Encyclopédies et dictionnaires thématiques / Encyclopédie et dictionnaire thématique en un seul volume
3433: OUVRAGES DE REFERENCE / Encyclopédies et dictionnaires thématiques / Encyclopédie et dictionnaire thématique en plusieurs volumes
3434: OUVRAGES DE REFERENCE / Encyclopédies en fascicules
3801: OUVRAGES DE REFERENCE / Ouvrages de documentation
4280: OUVRAGES DE REFERENCE / Ouvrages de documentation / Almanach
4281: OUVRAGES DE REFERENCE / Ouvrages de documentation / Annuaire
4282: OUVRAGES DE REFERENCE / Ouvrages de documentation / Catalogue éditeur
4283: OUVRAGES DE REFERENCE / Ouvrages de documentation / Bibliothéconomie
3435;LITTÉRATURE GÉNÉRALE
3436: LITTÉRATURE GÉNÉRALE / Oeuvres classiques
3437: LITTÉRATURE GÉNÉRALE / Oeuvres classiques / Antiquité
3438: LITTÉRATURE GÉNÉRALE / Oeuvres classiques / Moyen Age
3439: LITTÉRATURE GÉNÉRALE / Oeuvres classiques / Moderne (avant 1799)
3440: LITTÉRATURE GÉNÉRALE / Oeuvres classiques / XIXe siècle
3441: LITTÉRATURE GÉNÉRALE / Oeuvres classiques / XXe siècle avant 1945
3442: LITTÉRATURE GÉNÉRALE / Romans
3443: LITTÉRATURE GÉNÉRALE / Romans / Romans francophones
3444: LITTÉRATURE GÉNÉRALE / Romans / Romans étrangers
3445: LITTÉRATURE GÉNÉRALE / Romans et nouvelles de genre
3446: LITTÉRATURE GÉNÉRALE / Romans et nouvelles de genre / Romans d'aventures
3447: LITTÉRATURE GÉNÉRALE / Romans et nouvelles de genre / Romans d'espionnage
3448: LITTÉRATURE GÉNÉRALE / Romans et nouvelles de genre / Romans policiers
3452: LITTÉRATURE GÉNÉRALE / Romans et nouvelles de genre / Romans noirs
3453: LITTÉRATURE GÉNÉRALE / Romans et nouvelles de genre / Thriller
3459: LITTÉRATURE GÉNÉRALE / Romans et nouvelles de genre / Romans d'amour, romans sentimentaux
3465: LITTÉRATURE GÉNÉRALE / Romans et nouvelles de genre / Chick-lit
3466: LITTÉRATURE GÉNÉRALE / Romans et nouvelles de genre / Science-fiction
3474: LITTÉRATURE GÉNÉRALE / Romans et nouvelles de genre / Fantastique, Terreur
3478: LITTÉRATURE GÉNÉRALE / Romans et nouvelles de genre / Fantasy, Merveilleux
3487: LITTÉRATURE GÉNÉRALE / Romans et nouvelles de genre / Romans érotiques
3488: LITTÉRATURE GÉNÉRALE / Romans et nouvelles de genre / Romans humoristiques
3489: LITTÉRATURE GÉNÉRALE / Romans et nouvelles de genre / Romans historiques
3495: LITTÉRATURE GÉNÉRALE / Contes et légendes
3496: LITTÉRATURE GÉNÉRALE / Contes et légendes / Contes et légendes du monde
3497: LITTÉRATURE GÉNÉRALE / Contes et légendes / Contes et légendes de France
3498: LITTÉRATURE GÉNÉRALE / Contes et légendes / Contes et légendes d'Europe
3499: LITTÉRATURE GÉNÉRALE / Contes et légendes / Contes et légendes Maghreb, Moyen-Orient
3500: LITTÉRATURE GÉNÉRALE / Contes et légendes / Contes et légendes d'Afrique
3501: LITTÉRATURE GÉNÉRALE / Contes et légendes / Contes et légendes d'Asie
3502: LITTÉRATURE GÉNÉRALE / Contes et légendes / Contes et légendes des Amériques
3503: LITTÉRATURE GÉNÉRALE / Contes et légendes / Contes et légendes d'Océanie
3508: LITTÉRATURE GÉNÉRALE / Romans régionaux, Terroir
3509: LITTÉRATURE GÉNÉRALE / Romans régionaux, Terroir / Alsace, Lorraine
3512: LITTÉRATURE GÉNÉRALE / Romans régionaux, Terroir / Aquitaine
3518: LITTÉRATURE GÉNÉRALE / Romans régionaux, Terroir / Auvergne
3522: LITTÉRATURE GÉNÉRALE / Romans régionaux, Terroir / Normandie
3527: LITTÉRATURE GÉNÉRALE / Romans régionaux, Terroir / Bourgogne
3533: LITTÉRATURE GÉNÉRALE / Romans régionaux, Terroir / Bretagne
3534: LITTÉRATURE GÉNÉRALE / Romans régionaux, Terroir / Centre, Val-de-Loire
3545: LITTÉRATURE GÉNÉRALE / Romans régionaux, Terroir / Champagne, Ardennes
3548: LITTÉRATURE GÉNÉRALE / Romans régionaux, Terroir / Corse
3549: LITTÉRATURE GÉNÉRALE / Romans régionaux, Terroir / Franche-Comté
3550: LITTÉRATURE GÉNÉRALE / Romans régionaux, Terroir / Paris, Ile-de-France
3553: LITTÉRATURE GÉNÉRALE / Romans régionaux, Terroir / Languedoc, Roussillon
3557: LITTÉRATURE GÉNÉRALE / Romans régionaux, Terroir / Nord, Pas de Calais, Picardie
3561: LITTÉRATURE GÉNÉRALE / Romans régionaux, Terroir / Pays de la Loire
3566: LITTÉRATURE GÉNÉRALE / Romans régionaux, Terroir / Poitou-Charentes
3570: LITTÉRATURE GÉNÉRALE / Romans régionaux, Terroir / PACA
3578: LITTÉRATURE GÉNÉRALE / Romans régionaux, Terroir / Rhône-Alpes
3587: LITTÉRATURE GÉNÉRALE / Romans régionaux, Terroir / Limousin
3590: LITTÉRATURE GÉNÉRALE / Romans régionaux, Terroir / Midi-Pyrénées
3602: LITTÉRATURE GÉNÉRALE / Romans régionaux, Terroir / DOM-TOM, Outre-mer, Territoires français
3610: LITTÉRATURE GÉNÉRALE / Romans régionaux, Terroir / Monaco
3611: LITTÉRATURE GÉNÉRALE / Romans régionaux, Terroir / Benelux (Belgique, Pays-Bas, Luxembourg)
3619: LITTÉRATURE GÉNÉRALE / Romans régionaux, Terroir / Provinces de Québec
3620: LITTÉRATURE GÉNÉRALE / Romans régionaux, Terroir / Cantons de Suisse
3621: LITTÉRATURE GÉNÉRALE / Nouvelles
3622: LITTÉRATURE GÉNÉRALE / Théâtre
3623: LITTÉRATURE GÉNÉRALE / Théâtre / Tragédie
3626: LITTÉRATURE GÉNÉRALE / Théâtre / Comédie
3631: LITTÉRATURE GÉNÉRALE / Théâtre / Tragi-comédie
3632: LITTÉRATURE GÉNÉRALE / Théâtre / Drame
4090: LITTÉRATURE GÉNÉRALE / Théâtre / Monologue
3633: LITTÉRATURE GÉNÉRALE / Poésie
3634: LITTÉRATURE GÉNÉRALE / Poésie / Poésie lyrique (poésie chantée : ballade, élégie, rondeau...)
3635: LITTÉRATURE GÉNÉRALE / Poésie / Poésie épique (épopée...)
3636: LITTÉRATURE GÉNÉRALE / Poésie / Poésie satirique
3637: LITTÉRATURE GÉNÉRALE / Poésie / Poésie didactique (fables...)
3638: LITTÉRATURE GÉNÉRALE / Poésie / Poésie contemporaine
3639: LITTÉRATURE GÉNÉRALE / Art épistolaire, Correspondances, Discours
3640: LITTÉRATURE GÉNÉRALE / Récits de voyages
3641: LITTÉRATURE GÉNÉRALE / Récits
3642: LITTÉRATURE GÉNÉRALE / Pamphlets, Maximes, Pensées, Portraits
3643: LITTÉRATURE GÉNÉRALE / Essais littéraires
3644: LITTÉRATURE GÉNÉRALE / Actualités, Reportages
3645: LITTÉRATURE GÉNÉRALE / Actualités, Reportages / Société (culture, éducation, famille, mode, religion, sexualité)
3646: LITTÉRATURE GÉNÉRALE / Actualités, Reportages / Nature, écologie, climat, énergie, terre, agroalimentaire
3647: LITTÉRATURE GÉNÉRALE / Actualités, Reportages / Aventures, documentaires, exploration, voyages
3648: LITTÉRATURE GÉNÉRALE / Actualités, Reportages / Affaires, criminalité, enquêtes, justice, police
3649: LITTÉRATURE GÉNÉRALE / Actualités, Reportages / Médecine, santé, psychiatrie
3650: LITTÉRATURE GÉNÉRALE / Actualités, Reportages / Économie, Entreprise, Finance, Industrie
3651: LITTÉRATURE GÉNÉRALE / Actualités, Reportages / Sciences, Techniques (astronomie, biologie, physique, chimie...)
3652: LITTÉRATURE GÉNÉRALE / Actualités, Reportages / Média, Télévision, Presse, Radio, Edition, Internet
3653: LITTÉRATURE GÉNÉRALE / Actualités, Reportages / Sport
3654: LITTÉRATURE GÉNÉRALE / Actualités, Reportages / Musique
3655: LITTÉRATURE GÉNÉRALE / Actualités, Reportages / Cinéma
3656: LITTÉRATURE GÉNÉRALE / Actualités, Reportages / Théâtre
3657: LITTÉRATURE GÉNÉRALE / Actualités, Reportages / Spectacle, Danse
3658: LITTÉRATURE GÉNÉRALE / Actualités, Reportages / Politique
3659: LITTÉRATURE GÉNÉRALE / LGBT (lesbien, gay, bisexuel et transgenre)
3660: LITTÉRATURE GÉNÉRALE / Biographies, Mémoires
3661: LITTÉRATURE GÉNÉRALE / Biographies, Mémoires / Autobiographies
3662: LITTÉRATURE GÉNÉRALE / Biographies, Mémoires / Biographies
3663: LITTÉRATURE GÉNÉRALE / Biographies, Mémoires / Journal intime
3664: LITTÉRATURE GÉNÉRALE / Biographies, Mémoires / Mémoires
3665: LITTÉRATURE GÉNÉRALE / Biographies, Mémoires / Témoignages
3666: LITTÉRATURE GÉNÉRALE / Humour
3667;ARTS ET BEAUX LIVRES
3668: ARTS ET BEAUX LIVRES / Histoire de l'art, études
3669: ARTS ET BEAUX LIVRES / Histoire de l'art, études / Histoire de l'art
3670: ARTS ET BEAUX LIVRES / Histoire de l'art, études / Ecrits sur l'art
3671: ARTS ET BEAUX LIVRES / Histoire de l'art, études / Essais biographiques
3672: ARTS ET BEAUX LIVRES / Histoire de l'art, études / Dictionnaires d'histoire de l'art
3673: ARTS ET BEAUX LIVRES / Histoire de l'art, études / Musées, muséologie
3674: ARTS ET BEAUX LIVRES / Histoire de l'art, études / Marché de l'art
3675: ARTS ET BEAUX LIVRES / Histoire de l'art, études / Revues sur l'art
3676: ARTS ET BEAUX LIVRES / Arts majeurs
3677: ARTS ET BEAUX LIVRES / Arts majeurs / Architecture, urbanisme
3678: ARTS ET BEAUX LIVRES / Arts majeurs / Sculpture
3679: ARTS ET BEAUX LIVRES / Arts majeurs / Peinture
3682: ARTS ET BEAUX LIVRES / Arts majeurs / Arts graphiques (dessin, estampes, fresques, graffiti, gravures...)
3686: ARTS ET BEAUX LIVRES / Arts majeurs / Arts du spectacle
3687: ARTS ET BEAUX LIVRES / Arts majeurs / Musique
3688: ARTS ET BEAUX LIVRES / Arts majeurs / Poésie
3689: ARTS ET BEAUX LIVRES / Arts majeurs / Cinéma
3690: ARTS ET BEAUX LIVRES / Arts majeurs / Théâtre
3691: ARTS ET BEAUX LIVRES / Arts majeurs / Photographie
3697: ARTS ET BEAUX LIVRES / Arts décoratifs
3698: ARTS ET BEAUX LIVRES / Arts décoratifs / Tapisseries, Tapis et Brocarts
3699: ARTS ET BEAUX LIVRES / Arts décoratifs / Métal ciselé, Ferronnerie
3700: ARTS ET BEAUX LIVRES / Arts décoratifs / Pierres fines et précieuses
3701: ARTS ET BEAUX LIVRES / Arts décoratifs / Email
3702: ARTS ET BEAUX LIVRES / Arts décoratifs / Sculpture (bois, ivoire, jade...)
3703: ARTS ET BEAUX LIVRES / Arts décoratifs / Travail du verre et du cristal
3704: ARTS ET BEAUX LIVRES / Arts décoratifs / Marqueterie
3705: ARTS ET BEAUX LIVRES / Arts décoratifs / Céramique
3706: ARTS ET BEAUX LIVRES / Arts décoratifs / Enluminure et miniatures
3707: ARTS ET BEAUX LIVRES / Arts décoratifs / Mosaïque
3708: ARTS ET BEAUX LIVRES / Arts décoratifs / Art floral
3709: ARTS ET BEAUX LIVRES / Arts décoratifs / Design
4055: ARTS ET BEAUX LIVRES / Catalogues d'expositions
3710: ARTS ET BEAUX LIVRES / Beaux livres illustrés (histoire, nature, mode, transports...)
3711: ARTS ET BEAUX LIVRES / Beaux livres illustrés (histoire, nature, mode, transports...) / Histoire, Civilisation, Société
4131: ARTS ET BEAUX LIVRES / Beaux livres illustrés (histoire, nature, mode, transports...) / Sciences
3712: ARTS ET BEAUX LIVRES / Beaux livres illustrés (histoire, nature, mode, transports...) / Astronomie, Espace
3713: ARTS ET BEAUX LIVRES / Beaux livres illustrés (histoire, nature, mode, transports...) / Nature, Animaux
3714: ARTS ET BEAUX LIVRES / Beaux livres illustrés (histoire, nature, mode, transports...) / Transports (bateau, train, avion, auto, moto)
3715: ARTS ET BEAUX LIVRES / Beaux livres illustrés (histoire, nature, mode, transports...) / Mode, textile, parfums, bijoux, joaillerie, montres
3716: ARTS ET BEAUX LIVRES / Beaux livres illustrés (histoire, nature, mode, transports...) / Nu, Charme, Érotisme
3717: ARTS ET BEAUX LIVRES / Beaux livres illustrés (histoire, nature, mode, transports...) / Jardins et plantes
3718: ARTS ET BEAUX LIVRES / Beaux livres illustrés (histoire, nature, mode, transports...) / Lieux, paysage, pays, voyages
3719: ARTS ET BEAUX LIVRES / Beaux livres illustrés (histoire, nature, mode, transports...) / Littérature, poésie, manuscrit
3720: ARTS ET BEAUX LIVRES / Beaux livres illustrés (histoire, nature, mode, transports...) / Sports
3721: ARTS ET BEAUX LIVRES / Beaux livres illustrés (histoire, nature, mode, transports...) / Gastronomie
3722;JEUNESSE
3723: JEUNESSE / Éveil, petite enfance (- de 3 ans)
3724: JEUNESSE / Éveil, petite enfance (- de 3 ans) / Tout-carton, imagier
3725: JEUNESSE / Éveil, petite enfance (- de 3 ans) / Albums
3726: JEUNESSE / Éveil, petite enfance (- de 3 ans) / Albums animés, pop-up
3727: JEUNESSE / Éveil, petite enfance (- de 3 ans) / Livres objets, livre jouet, livre puzzle, livre surprise, livre matière
3728: JEUNESSE / Livres illustrés (+ de 3 ans)
3729: JEUNESSE / Livres illustrés (+ de 3 ans) / Premières histoires
3730: JEUNESSE / Livres illustrés (+ de 3 ans) / Albums
3731: JEUNESSE / Livres illustrés (+ de 3 ans) / Albums animés, pop-up
3732: JEUNESSE / Livres illustrés (+ de 3 ans) / Livres objets, livre jouet, livre puzzle, livre surprise
3733: JEUNESSE / Livres illustrés (+ de 3 ans) / Recueils (contes, fables...)
3734: JEUNESSE / Livres d'activités
3735: JEUNESSE / Livres d'activités / Activités manuelles
3736: JEUNESSE / Livres d'activités / Activités artistiques
3737: JEUNESSE / Livres d'activités / Activités d'extérieur
3738: JEUNESSE / Livres et produits à usage unique
3739: JEUNESSE / Livres et produits à usage unique / Autocollants, gommettes, collage
3740: JEUNESSE / Livres et produits à usage unique / Coloriage, dessin
3741: JEUNESSE / Livres et produits à usage unique / Images à coller (ayant une existence propre constituant une série, une collection)
3742: JEUNESSE / Livres et produits à usage unique / Tatouage, transfert, magnet
3743: JEUNESSE / Livres et produits à usage unique / Papeterie (dérivative d'une oeuvre jeunesse. Ex : calendriers, agendas...)
3744: JEUNESSE / Fiction Jeunesse
3745: JEUNESSE / Fiction Jeunesse / Premières lectures, premiers romans
3746: JEUNESSE / Fiction Jeunesse / Histoires
3747: JEUNESSE / Fiction Jeunesse / Séries, héros préférés
3748: JEUNESSE / Fiction Jeunesse / Contes et mythologie
3749: JEUNESSE / Fiction Jeunesse / Romans
3750: JEUNESSE / Fiction adolescents
3751: JEUNESSE / Fiction adolescents / Romans
3759: JEUNESSE / Fiction adolescents / Témoignages
3760: JEUNESSE / Documentaire / Encyclopédie
3761: JEUNESSE / Documentaire / Encyclopédie / Animaux
3762: JEUNESSE / Documentaire / Encyclopédie / Arts
3763: JEUNESSE / Documentaire / Encyclopédie / Atlas
3764: JEUNESSE / Documentaire / Encyclopédie / Encyclopédie
3765: JEUNESSE / Documentaire / Encyclopédie / Géographie
3766: JEUNESSE / Documentaire / Encyclopédie / Histoire, Monde et civilisations
3767: JEUNESSE / Documentaire / Encyclopédie / Nature, environnement
3768: JEUNESSE / Documentaire / Encyclopédie / Sciences
3769: JEUNESSE / Documentaire / Encyclopédie / Sport
3770: JEUNESSE / Documentaire / Encyclopédie / Vie quotidienne et société
3771;BANDES DESSINÉES, COMICS, MANGAS
3772: BANDES DESSINÉES, COMICS, MANGAS / Bandes dessinées
3773: BANDES DESSINÉES, COMICS, MANGAS / Bandes dessinées / Bandes dessinées tout public
3774: BANDES DESSINÉES, COMICS, MANGAS / Bandes dessinées / Bandes dessinées de genre
3775: BANDES DESSINÉES, COMICS, MANGAS / Bandes dessinées / Documentaire
4076: BANDES DESSINÉES, COMICS, MANGAS / Bandes dessinées / Bandes dessinées d'auteur
4077: BANDES DESSINÉES, COMICS, MANGAS / Bandes dessinées / Tirage de tête
4075: BANDES DESSINÉES, COMICS, MANGAS / Bandes dessinées / Guides et critiques
3786: BANDES DESSINÉES, COMICS, MANGAS / Comics
3787: BANDES DESSINÉES, COMICS, MANGAS / Comics / Classique
3788: BANDES DESSINÉES, COMICS, MANGAS / Comics / Strip
3789: BANDES DESSINÉES, COMICS, MANGAS / Comics / Super Héros
3790: BANDES DESSINÉES, COMICS, MANGAS / Comics / Adaptation
3791: BANDES DESSINÉES, COMICS, MANGAS / Comics / Graphic Novel
3792: BANDES DESSINÉES, COMICS, MANGAS / Manga
3793: BANDES DESSINÉES, COMICS, MANGAS / Manga / Kodomo
3794: BANDES DESSINÉES, COMICS, MANGAS / Manga / Shôjo
3795: BANDES DESSINÉES, COMICS, MANGAS / Manga / Shonen
3796: BANDES DESSINÉES, COMICS, MANGAS / Manga / Seinen
3797: BANDES DESSINÉES, COMICS, MANGAS / Manga / Josei
4062: BANDES DESSINÉES, COMICS, MANGAS / Manga / Manga Yaoi
4063: BANDES DESSINÉES, COMICS, MANGAS / Manga / Manga Yuri
3798: BANDES DESSINÉES, COMICS, MANGAS / Manga / Public averti (érotique, hyper violence...)
3799: BANDES DESSINÉES, COMICS, MANGAS / Manga / Revues mangas
3800: BANDES DESSINÉES, COMICS, MANGAS / Manga / Guides mangas
3802;PRATIQUE
3803: PRATIQUE / Tourisme, Guides et Monographies
3804: PRATIQUE / Tourisme, Guides et Monographies / Guides de tourisme (destination)
3814: PRATIQUE / Tourisme, Guides et Monographies / Guides de conversation
3815: PRATIQUE / Tourisme, Guides et Monographies / Guides spécialisés
3820: PRATIQUE / Tourisme, Guides et Monographies / Albums et beaux livres et carnets de voyages (paysages, pays, villes, lieux, voyages)
3821: PRATIQUE / Méthodes de langues (hors scolaire)
3822: PRATIQUE / Vie professionnelle
3823: PRATIQUE / Vie professionnelle / Efficacité professionnelle
3824: PRATIQUE / Vie professionnelle / Recherche d'emploi
3825: PRATIQUE / Santé et Bien-être (santé physique et mentale, hygiène, sexualité, psychologie, pédagogie, enfants)
3826: PRATIQUE / Santé et Bien-être (santé physique et mentale, hygiène, sexualité, psychologie, pédagogie, enfants) / Régimes alimentaires
3827: PRATIQUE / Santé et Bien-être (santé physique et mentale, hygiène, sexualité, psychologie, pédagogie, enfants) / Médecine naturelle, douce, familiale
3828: PRATIQUE / Santé et Bien-être (santé physique et mentale, hygiène, sexualité, psychologie, pédagogie, enfants) / Forme, beauté
3829: PRATIQUE / Santé et Bien-être (santé physique et mentale, hygiène, sexualité, psychologie, pédagogie, enfants) / Sexualité
3830: PRATIQUE / Santé et Bien-être (santé physique et mentale, hygiène, sexualité, psychologie, pédagogie, enfants) / Bien-être
3831: PRATIQUE / Santé et Bien-être (santé physique et mentale, hygiène, sexualité, psychologie, pédagogie, enfants) / Développement personnel
4047: PRATIQUE / Santé et Bien-être (santé physique et mentale, hygiène, sexualité, psychologie, pédagogie, enfants) / Vieillissement
3832: PRATIQUE / Vie quotidienne, Vie de la famille
3833: PRATIQUE / Vie quotidienne, Vie de la famille / Enfance
3834: PRATIQUE / Vie quotidienne, Vie de la famille / Seniors
3835: PRATIQUE / Vie quotidienne, Vie de la famille / Maternité, puériculture
3836: PRATIQUE / Vie quotidienne, Vie de la famille / Éducation
3837: PRATIQUE / Vie quotidienne, Vie de la famille / Économie domestique
3838: PRATIQUE / Vie quotidienne, Vie de la famille / Gestion du patrimoine
4081: PRATIQUE / Vie quotidienne, Vie de la famille / Correspondance
3839: PRATIQUE / Activités artistiques
3840: PRATIQUE / Activités manuelles
3841: PRATIQUE / Activités manuelles / Loisirs créatifs
3842: PRATIQUE / Activités manuelles / Artisanat
3843: PRATIQUE / Activités manuelles / Art du fil
3844: PRATIQUE / Bricolage, décoration, habitat
3845: PRATIQUE / Bricolage, décoration, habitat / Bricolage
3846: PRATIQUE / Bricolage, décoration, habitat / Décoration
3928: PRATIQUE / Bricolage, décoration, habitat / Habitat
3847: PRATIQUE / Cuisine, gastronomie
4080: PRATIQUE / Cuisine, gastronomie / histoire de la cuisine
3848: PRATIQUE / Cuisine, gastronomie / Cuisine au quotidien
3849: PRATIQUE / Cuisine, gastronomie / Cuisine actuelle et tendances
3850: PRATIQUE / Cuisine, gastronomie / Cuisine de saison
3851: PRATIQUE / Cuisine, gastronomie / Cuisine régionale
3852: PRATIQUE / Cuisine, gastronomie / Cuisine du monde
3853: PRATIQUE / Cuisine, gastronomie / Cuisine des chefs
4079: PRATIQUE / Cuisine, gastronomie / Cuisine bio
3854: PRATIQUE / Cuisine, gastronomie / Cuisine pour les enfants
3855: PRATIQUE / Cuisine, gastronomie / Cuisine santé-minceur
3856: PRATIQUE / Cuisine, gastronomie / Pâtisserie, confiserie, chocolat
3857: PRATIQUE / Boissons
3858: PRATIQUE / Boissons / Vins, champagne
3859: PRATIQUE / Boissons / Alcools
3860: PRATIQUE / Boissons / Cocktails
3861: PRATIQUE / Boissons / Thé, café, infusions
3862: PRATIQUE / Boissons / Boissons non alcoolisées (jus, smoothies, milk-shake...)
3864: PRATIQUE / Sports et loisirs
3920: PRATIQUE / Sports et loisirs / Sports collectifs
3956: PRATIQUE / Sports et loisirs / Athlétisme
3957: PRATIQUE / Sports et loisirs / Gymnastique
3958: PRATIQUE / Sports et loisirs / Tir sportif
3961: PRATIQUE / Sports et loisirs / Sport de combat
3965: PRATIQUE / Sports et loisirs / Art martial
3974: PRATIQUE / Sports et loisirs / Sports mécaniques
3984: PRATIQUE / Sports et loisirs / Sports aériens non motorisés
3985: PRATIQUE / Sports et loisirs / Cyclisme, vélo tout terrain (VTT)
3988: PRATIQUE / Sports et loisirs / Sports aquatiques
3993: PRATIQUE / Sports et loisirs / Sports nautiques
4000: PRATIQUE / Sports et loisirs / Sports de montagne, sports d'hiver
4006: PRATIQUE / Sports et loisirs / Sports équestres
4007: PRATIQUE / Sports et loisirs / Sports de raquettes
4013: PRATIQUE / Sports et loisirs / Golf
4014: PRATIQUE / Sports et loisirs / Jeux de boules
4015: PRATIQUE / Sports et loisirs / Sports extrêmes
4016: PRATIQUE / Sports et loisirs / Olympisme, para-olympisme
4017: PRATIQUE / Sports et loisirs / Entraînement sportif
3891: PRATIQUE / Sports et loisirs / Jeux de société, Sports cérébraux, Jeux de cartes
4091: PRATIQUE / Sports et loisirs / Jeu vidéo
3923: PRATIQUE / Chasse, pêche
3865: PRATIQUE / Transport
3866: PRATIQUE / Animaux
3867: PRATIQUE / Animaux / Animaux d'élevage
3868: PRATIQUE / Animaux / Animaux de compagnie (ou domestiques)
3869: PRATIQUE / Animaux / Animaux sauvages
3870: PRATIQUE / Animaux / Apiculture
3871: PRATIQUE / Nature
3872: PRATIQUE / Nature / Écologie
3873: PRATIQUE / Nature / Champignons
3874: PRATIQUE / Nature / Fleurs sauvages
3875: PRATIQUE / Nature / Arbres
3876: PRATIQUE / Nature / Océans et mers
3877: PRATIQUE / Nature / Montagne
3878: PRATIQUE / Nature / Ressources naturelles (roches, minéraux, fossiles)
3879: PRATIQUE / Nature / Volcans et forces naturelles
3880: PRATIQUE / Nature / Climat et météo
3881: PRATIQUE / Nature / Astronomie
3882: PRATIQUE / Jardinage
4019: PRATIQUE / Jardinage / Encyclopédies du jardinage
4020: PRATIQUE / Jardinage / Jardins bio, écologiques
3883: PRATIQUE / Jardinage / Jardin d'ornement, fleurs
3884: PRATIQUE / Jardinage / Plantes d'intérieur
3885: PRATIQUE / Jardinage / Potager
3886: PRATIQUE / Jardinage / Arbres et arbustes
3887: PRATIQUE / Jardinage / Verger
3888: PRATIQUE / Jardinage / Techniques et soin des plantes
3889: PRATIQUE / Jardinage / Aménagements de jardins et petits espaces (terrasse, balcon, etc.)
3890: PRATIQUE / Jardinage / Art et histoire des jardins
3924: PRATIQUE / Jardinage / Bassins, fontaines
3896: PRATIQUE / Généalogie
3897: PRATIQUE / Collections
3898;CARTES GÉOGRAPHIQUES ET ATLAS
3899: CARTES GÉOGRAPHIQUES ET ATLAS / Cartes géographiques
3900: CARTES GÉOGRAPHIQUES ET ATLAS / Cartes géographiques / Cartes routières
3901: CARTES GÉOGRAPHIQUES ET ATLAS / Cartes géographiques / Cartes géologiques
3902: CARTES GÉOGRAPHIQUES ET ATLAS / Cartes géographiques / Cartes marines
3903: CARTES GÉOGRAPHIQUES ET ATLAS / Cartes géographiques / Cartes météorologiques
3904: CARTES GÉOGRAPHIQUES ET ATLAS / Cartes géographiques / Cartes topographies
3905: CARTES GÉOGRAPHIQUES ET ATLAS / Cartes géographiques / Cartes touristiques
3906: CARTES GÉOGRAPHIQUES ET ATLAS / Cartes géographiques / Cartes thématiques
3907: CARTES GÉOGRAPHIQUES ET ATLAS / Cartes géographiques / Cartes célestes
3908: CARTES GÉOGRAPHIQUES ET ATLAS / Cartes géographiques / Cartes aériennes
3909: CARTES GÉOGRAPHIQUES ET ATLAS / Atlas
3910: CARTES GÉOGRAPHIQUES ET ATLAS / Atlas / Atlas généraux
3911: CARTES GÉOGRAPHIQUES ET ATLAS / Atlas / Atlas géographiques
3912: CARTES GÉOGRAPHIQUES ET ATLAS / Atlas / Atlas thématiques
3913: CARTES GÉOGRAPHIQUES ET ATLAS / Atlas / Atlas routiers
3914: CARTES GÉOGRAPHIQUES ET ATLAS / Plans
3915: CARTES GÉOGRAPHIQUES ET ATLAS / Plans / Plans de ville
4129;JEUNES ADULTES
4144: JEUNES ADULTES / Fantastique, paranormal
4145: JEUNES ADULTES / Magie, fantasy
4146: JEUNES ADULTES / Science-fiction
4147: JEUNES ADULTES / Policier, thriller
4148: JEUNES ADULTES / Contemporain
4149: JEUNES ADULTES / Historique
4150: JEUNES ADULTES / Action, aventures
4151: JEUNES ADULTES / Sentimental
4152: JEUNES ADULTES / Chick-lit
4153: JEUNES ADULTES / Epouvante
4154: JEUNES ADULTES / Témoignages
4155: JEUNES ADULTES / Dystopie
